Workbook

Sheet Хүлээгдэж буй
A1: Лот | B1: Аукцион | C1: Загвар | D1: Он | E1: Гүйлт, км | F1: Хөдөлгүүр, cc | G1: Төрөл | H1: Оноо | I1: Өнгө | J1: Миний үнэ, ¥ | K1: Нас | L1: Үнэ + 100,000¥ | M1: Төгрөгөөр | N1: Ачилт тээвэр | O1: Онцгой татвар | P1: НӨАТ-гүй дүн | Q1: НӨАТ | R1: Монголд буух үнэ, ₮ | S1: Монголд зарагдах үнэ (загвар), ₮ | T1: Доод (25%), ₮ | U1: Дээд (75%), ₮ | V1: Ашиг / алдагдал, ₮ | W1: Ашгийн хувь | X1: Загварын итгэл | Y1: Загварт тооцсон шинж
A2: 30167 | B2: CAA Gifu | C2: Prius Alpha ZVW40W G | D2: 2011 | E2: 149000 | F2: 1800 | G2: Хайбрид | H2: 3.5 | I2: сувдан цагаан | J2: 305000 | K2: =Тохиргоо!$B$7-D2 | L2: =J2+Тохиргоо!$B$4 | M2: =L2*Тохиргоо!$B$3 | N2: =Тохиргоо!$B$5 | O2: =IF(G2="Хайбрид",INDEX('Онцгой татвар'!$C$6:$F$10,MATCH(F2,'Онцгой татвар'!$B$6:$B$10,1),MATCH(K2,'Онцгой татвар'!$C$5:$F$5,1)),INDEX('Онцгой татвар'!$C$15:$F$19,MATCH(F2,'Онцгой татвар'!$B$15:$B$19,1),MATCH(K2,'Онцгой татвар'!$C$14:$F$14,1))) | P2: =M2+N2+O2 | Q2: =P2*Тохиргоо!$B$6 | R2: =P2+Q2 | S2: 26983000 | T2: 25874000 | U2: 28057000 | V2: =S2-R2 | W2: =V2/R2 | X2: Дунд (18 зар) | Y2: 7 суудал +3.6%, G +1.1%, өнгө +6.1%, оноо 3.5 -1.2%
A3: 30044 | B3: CAA Tokyo | C3: Prius ZVW50 S Touring | D3: 2018 | E3: 205000 | F3: 1800 | G3: Хайбрид | H3: 3.5 | I3: сувдан цагаан | J3: 500000 | K3: =Тохиргоо!$B$7-D3 | L3: =J3+Тохиргоо!$B$4 | M3: =L3*Тохиргоо!$B$3 | N3: =Тохиргоо!$B$5 | O3: =IF(G3="Хайбрид",INDEX('Онцгой татвар'!$C$6:$F$10,MATCH(F3,'Онцгой татвар'!$B$6:$B$10,1),MATCH(K3,'Онцгой татвар'!$C$5:$F$5,1)),INDEX('Онцгой татвар'!$C$15:$F$19,MATCH(F3,'Онцгой татвар'!$B$15:$B$19,1),MATCH(K3,'Онцгой татвар'!$C$14:$F$14,1))) | P3: =M3+N3+O3 | Q3: =P3*Тохиргоо!$B$6 | R3: =P3+Q3 | S3: 32969000 | T3: 31613000 | U3: 34280000 | V3: =S3-R3 | W3: =V3/R3 | X3: Өгөгдөл цөөн (7 зар) | Y3: гүйлт 205k -1.9%, S Touring +5.8%, өнгө +6.1%, оноо 3.5 -1.2%
A4: 10318 | B4: CAA Tokyo | C4: Prius Alpha ZVW41W S Touring | D4: 2012 | E4: 161000 | F4: 1800 | G4: Хайбрид | H4: 3.5 | I4: сувдан цагаан | J4: 295000 | K4: =Тохиргоо!$B$7-D4 | L4: =J4+Тохиргоо!$B$4 | M4: =L4*Тохиргоо!$B$3 | N4: =Тохиргоо!$B$5 | O4: =IF(G4="Хайбрид",INDEX('Онцгой татвар'!$C$6:$F$10,MATCH(F4,'Онцгой татвар'!$B$6:$B$10,1),MATCH(K4,'Онцгой татвар'!$C$5:$F$5,1)),INDEX('Онцгой татвар'!$C$15:$F$19,MATCH(F4,'Онцгой татвар'!$B$15:$B$19,1),MATCH(K4,'Онцгой татвар'!$C$14:$F$14,1))) | P4: =M4+N4+O4 | Q4: =P4*Тохиргоо!$B$6 | R4: =P4+Q4 | S4: 26634000 | T4: 25539000 | U4: 27694000 | V4: =S4-R4 | W4: =V4/R4 | X4: Найдвартай (47 зар) | Y4: гүйлт 161k -0.3%, S Touring +4.0%, өнгө +6.1%, оноо 3.5 -1.2%
A5: 10170 | B5: CAA Tokyo | C5: Prius Alpha ZVW41W G Touring | D5: 2012 | E5: 169000 | F5: 1800 | G5: Хайбрид | H5: 3.5 | I5: сувдан цагаан | J5: 295000 | K5: =Тохиргоо!$B$7-D5 | L5: =J5+Тохиргоо!$B$4 | M5: =L5*Тохиргоо!$B$3 | N5: =Тохиргоо!$B$5 | O5: =IF(G5="Хайбрид",INDEX('Онцгой татвар'!$C$6:$F$10,MATCH(F5,'Онцгой татвар'!$B$6:$B$10,1),MATCH(K5,'Онцгой татвар'!$C$5:$F$5,1)),INDEX('Онцгой татвар'!$C$15:$F$19,MATCH(F5,'Онцгой татвар'!$B$15:$B$19,1),MATCH(K5,'Онцгой татвар'!$C$14:$F$14,1))) | P5: =M5+N5+O5 | Q5: =P5*Тохиргоо!$B$6 | R5: =P5+Q5 | S5: 26387000 | T5: 25302000 | U5: 27436000 | V5: =S5-R5 | W5: =V5/R5 | X5: Найдвартай (47 зар) | Y5: гүйлт 169k -0.5%, G Touring +3.2%, өнгө +6.1%, оноо 3.5 -1.2%
A6: 174 | B6: TAA Hiroshima | C6: Prius ZVW51 A Premium | D6: 2017 | E6: 189000 | F6: 1800 | G6: Хайбрид | H6: 3.5 | I6: цагаан | J6: 530000 | K6: =Тохиргоо!$B$7-D6 | L6: =J6+Тохиргоо!$B$4 | M6: =L6*Тохиргоо!$B$3 | N6: =Тохиргоо!$B$5 | O6: =IF(G6="Хайбрид",INDEX('Онцгой татвар'!$C$6:$F$10,MATCH(F6,'Онцгой татвар'!$B$6:$B$10,1),MATCH(K6,'Онцгой татвар'!$C$5:$F$5,1)),INDEX('Онцгой татвар'!$C$15:$F$19,MATCH(F6,'Онцгой татвар'!$B$15:$B$19,1),MATCH(K6,'Онцгой татвар'!$C$14:$F$14,1))) | P6: =M6+N6+O6 | Q6: =P6*Тохиргоо!$B$6 | R6: =P6+Q6 | S6: 34406000 | T6: 32991000 | U6: 35775000 | V6: =S6-R6 | W6: =V6/R6 | X6: Найдвартай (32 зар) | Y6: ZVW51 +7.1%, гүйлт 189k -1.0%, A Premium +10.5%, өнгө +3.8%, оноо 3.5 -1.2%
A7: 7 | B7: TAA Kinki | C7: Camry AXVH70 G Leather | D7: 2019 | E7: 143000 | F7: 2500 | G7: Хайбрид | H7: 4 | I7: хар | J7: 950000 | K7: =Тохиргоо!$B$7-D7 | L7: =J7+Тохиргоо!$B$4 | M7: =L7*Тохиргоо!$B$3 | N7: =Тохиргоо!$B$5 | O7: =IF(G7="Хайбрид",INDEX('Онцгой татвар'!$C$6:$F$10,MATCH(F7,'Онцгой татвар'!$B$6:$B$10,1),MATCH(K7,'Онцгой татвар'!$C$5:$F$5,1)),INDEX('Онцгой татвар'!$C$15:$F$19,MATCH(F7,'Онцгой татвар'!$B$15:$B$19,1),MATCH(K7,'Онцгой татвар'!$C$14:$F$14,1))) | P7: =M7+N7+O7 | Q7: =P7*Тохиргоо!$B$6 | R7: =P7+Q7 | S7: 53395000 | T7: 51199000 | U7: 55519000 | V7: =S7-R7 | W7: =V7/R7 | X7: Өгөгдөл цөөн (5 зар) | Y7: гүйлт 143k +0.3%, G Leather +10.0%, оноо 4 +0.8%
A8: 180 | B8: TAA Kinki | C8: Prius Alpha ZVW41W G | D8: 2012 | E8: 160000 | F8: 1800 | G8: Хайбрид | H8: 3.5 | I8: мөнгөлөг | J8: 270000 | K8: =Тохиргоо!$B$7-D8 | L8: =J8+Тохиргоо!$B$4 | M8: =L8*Тохиргоо!$B$3 | N8: =Тохиргоо!$B$5 | O8: =IF(G8="Хайбрид",INDEX('Онцгой татвар'!$C$6:$F$10,MATCH(F8,'Онцгой татвар'!$B$6:$B$10,1),MATCH(K8,'Онцгой татвар'!$C$5:$F$5,1)),INDEX('Онцгой татвар'!$C$15:$F$19,MATCH(F8,'Онцгой татвар'!$B$15:$B$19,1),MATCH(K8,'Онцгой татвар'!$C$14:$F$14,1))) | P8: =M8+N8+O8 | Q8: =P8*Тохиргоо!$B$6 | R8: =P8+Q8 | S8: 26164000 | T8: 25088000 | U8: 27204000 | V8: =S8-R8 | W8: =V8/R8 | X8: Найдвартай (47 зар) | Y8: гүйлт 160k -0.3%, G +1.1%, өнгө +7.1%, оноо 3.5 -1.2%
A9: 387 | B9: TAA Kinki | C9: Prius ZVW51 A | D9: 2017 | E9: 136000 | F9: 1800 | G9: Хайбрид | H9: RA | I9: мөнгөлөг | J9: 700000 | K9: =Тохиргоо!$B$7-D9 | L9: =J9+Тохиргоо!$B$4 | M9: =L9*Тохиргоо!$B$3 | N9: =Тохиргоо!$B$5 | O9: =IF(G9="Хайбрид",INDEX('Онцгой татвар'!$C$6:$F$10,MATCH(F9,'Онцгой татвар'!$B$6:$B$10,1),MATCH(K9,'Онцгой татвар'!$C$5:$F$5,1)),INDEX('Онцгой татвар'!$C$15:$F$19,MATCH(F9,'Онцгой татвар'!$B$15:$B$19,1),MATCH(K9,'Онцгой татвар'!$C$14:$F$14,1))) | P9: =M9+N9+O9 | Q9: =P9*Тохиргоо!$B$6 | R9: =P9+Q9 | S9: 34277000 | T9: 32867000 | U9: 35640000 | V9: =S9-R9 | W9: =V9/R9 | X9: Найдвартай (32 зар) | Y9: ZVW51 +7.1%, гүйлт 136k +0.2%, A +4.0%, өнгө +7.1%
A10: 620 | B10: TAA Kinki | C10: Prius Alpha ZVW40W S Tune Black | D10: 2014 | E10: 156000 | F10: 1800 | G10: Хайбрид | H10: RA | I10: хар | J10: 280000 | K10: =Тохиргоо!$B$7-D10 | L10: =J10+Тохиргоо!$B$4 | M10: =L10*Тохиргоо!$B$3 | N10: =Тохиргоо!$B$5 | O10: =IF(G10="Хайбрид",INDEX('Онцгой татвар'!$C$6:$F$10,MATCH(F10,'Онцгой татвар'!$B$6:$B$10,1),MATCH(K10,'Онцгой татвар'!$C$5:$F$5,1)),INDEX('Онцгой татвар'!$C$15:$F$19,MATCH(F10,'Онцгой татвар'!$B$15:$B$19,1),MATCH(K10,'Онцгой татвар'!$C$14:$F$14,1))) | P10: =M10+N10+O10 | Q10: =P10*Тохиргоо!$B$6 | R10: =P10+Q10 | S10: 28687000 | T10: 27507000 | U10: 29828000 | V10: =S10-R10 | W10: =V10/R10 | X10: Дунд (17 зар) | Y10: 7 суудал +3.6%, гүйлт 156k -0.2%, S Tune Black +0.8%
A11: 665 | B11: TAA Kinki | C11: Prius Alpha ZVW41W S Touring | D11: 2014 | E11: 165000 | F11: 1800 | G11: Хайбрид | H11: 3.5 | I11: саарал | J11: 275000 | K11: =Тохиргоо!$B$7-D11 | L11: =J11+Тохиргоо!$B$4 | M11: =L11*Тохиргоо!$B$3 | N11: =Тохиргоо!$B$5 | O11: =IF(G11="Хайбрид",INDEX('Онцгой татвар'!$C$6:$F$10,MATCH(F11,'Онцгой татвар'!$B$6:$B$10,1),MATCH(K11,'Онцгой татвар'!$C$5:$F$5,1)),INDEX('Онцгой татвар'!$C$15:$F$19,MATCH(F11,'Онцгой татвар'!$B$15:$B$19,1),MATCH(K11,'Онцгой татвар'!$C$14:$F$14,1))) | P11: =M11+N11+O11 | Q11: =P11*Тохиргоо!$B$6 | R11: =P11+Q11 | S11: 28624000 | T11: 27446000 | U11: 29762000 | V11: =S11-R11 | W11: =V11/R11 | X11: Дунд (17 зар) | Y11: гүйлт 165k -0.5%, S Touring +4.0%, өнгө +1.8%, оноо 3.5 -1.2%
A12: 70060 | B12: TAA Kinki | C12: Camry AXVH70 G | D12: 2017 | E12: 111000 | F12: 2500 | G12: Хайбрид | H12: 3.5 | I12: сувдан цагаан | J12: 980000 | K12: =Тохиргоо!$B$7-D12 | L12: =J12+Тохиргоо!$B$4 | M12: =L12*Тохиргоо!$B$3 | N12: =Тохиргоо!$B$5 | O12: =IF(G12="Хайбрид",INDEX('Онцгой татвар'!$C$6:$F$10,MATCH(F12,'Онцгой татвар'!$B$6:$B$10,1),MATCH(K12,'Онцгой татвар'!$C$5:$F$5,1)),INDEX('Онцгой татвар'!$C$15:$F$19,MATCH(F12,'Онцгой татвар'!$B$15:$B$19,1),MATCH(K12,'Онцгой татвар'!$C$14:$F$14,1))) | P12: =M12+N12+O12 | Q12: =P12*Тохиргоо!$B$6 | R12: =P12+Q12 | S12: 46298000 | T12: 44394000 | U12: 48139000 | V12: =S12-R12 | W12: =V12/R12 | X12: Дунд (15 зар) | Y12: гүйлт 111k +0.7%, өнгө +6.1%, оноо 3.5 -1.2%
A13: 6130 | B13: TAA Kyushu | C13: Camry AXVH70 WS | D13: 2018 | E13: 145000 | F13: 2500 | G13: Хайбрид | H13: 4 | I13: сувдан цагаан | J13: 1000000 | K13: =Тохиргоо!$B$7-D13 | L13: =J13+Тохиргоо!$B$4 | M13: =L13*Тохиргоо!$B$3 | N13: =Тохиргоо!$B$5 | O13: =IF(G13="Хайбрид",INDEX('Онцгой татвар'!$C$6:$F$10,MATCH(F13,'Онцгой татвар'!$B$6:$B$10,1),MATCH(K13,'Онцгой татвар'!$C$5:$F$5,1)),INDEX('Онцгой татвар'!$C$15:$F$19,MATCH(F13,'Онцгой татвар'!$B$15:$B$19,1),MATCH(K13,'Онцгой татвар'!$C$14:$F$14,1))) | P13: =M13+N13+O13 | Q13: =P13*Тохиргоо!$B$6 | R13: =P13+Q13 | S13: 54293000 | T13: 52060000 | U13: 56453000 | V13: =S13-R13 | W13: =V13/R13 | X13: Өгөгдөл цөөн (8 зар) | Y13: гүйлт 145k +0.2%, WS +10.9%, өнгө +6.1%, оноо 4 +0.8%
A14: 9048 | B14: TAA Kyushu | C14: Prius Alpha ZVW40W G | D14: 2011 | E14: 185000 | F14: 1800 | G14: Хайбрид | H14: RA | I14: сувдан цагаан | J14: 275000 | K14: =Тохиргоо!$B$7-D14 | L14: =J14+Тохиргоо!$B$4 | M14: =L14*Тохиргоо!$B$3 | N14: =Тохиргоо!$B$5 | O14: =IF(G14="Хайбрид",INDEX('Онцгой татвар'!$C$6:$F$10,MATCH(F14,'Онцгой татвар'!$B$6:$B$10,1),MATCH(K14,'Онцгой татвар'!$C$5:$F$5,1)),INDEX('Онцгой татвар'!$C$15:$F$19,MATCH(F14,'Онцгой татвар'!$B$15:$B$19,1),MATCH(K14,'Онцгой татвар'!$C$14:$F$14,1))) | P14: =M14+N14+O14 | Q14: =P14*Тохиргоо!$B$6 | R14: =P14+Q14 | S14: 27087000 | T14: 25973000 | U14: 28165000 | V14: =S14-R14 | W14: =V14/R14 | X14: Дунд (18 зар) | Y14: 7 суудал +3.6%, гүйлт 185k -0.8%, G +1.1%, өнгө +6.1%

Sheet Дууссан (зарагдсан үнээр)
A1: Лот | B1: Аукцион | C1: Загвар | D1: Он | E1: Гүйлт, км | F1: Хөдөлгүүр, cc | G1: Төрөл | H1: Оноо | I1: Өнгө | J1: Миний үнэ, ¥ | K1: Зарагдсан үнэ, ¥ | L1: Нас | M1: Үнэ + 100,000¥ | N1: Төгрөгөөр | O1: Ачилт тээвэр | P1: Онцгой татвар | Q1: НӨАТ-гүй дүн | R1: НӨАТ | S1: Монголд буух үнэ, ₮ | T1: Монголд зарагдах үнэ (загвар), ₮ | U1: Доод (25%), ₮ | V1: Дээд (75%), ₮ | W1: Ашиг / алдагдал, ₮ | X1: Ашгийн хувь | Y1: Загварын итгэл | Z1: Загварт тооцсон шинж
A2: 55383 | B2: Honda Nagoya | C2: Prius Alpha ZVW41W G | D2: 2014 | E2: 98000 | F2: 1800 | G2: Хайбрид | H2: R | I2: мөнгөлөг | J2: 300000 | K2: 423000 | L2: =Тохиргоо!$B$7-D2 | M2: =K2+Тохиргоо!$B$4 | N2: =M2*Тохиргоо!$B$3 | O2: =Тохиргоо!$B$5 | P2: =IF(G2="Хайбрид",INDEX('Онцгой татвар'!$C$6:$F$10,MATCH(F2,'Онцгой татвар'!$B$6:$B$10,1),MATCH(L2,'Онцгой татвар'!$C$5:$F$5,1)),INDEX('Онцгой татвар'!$C$15:$F$19,MATCH(F2,'Онцгой татвар'!$B$15:$B$19,1),MATCH(L2,'Онцгой татвар'!$C$14:$F$14,1))) | Q2: =N2+O2+P2 | R2: =Q2*Тохиргоо!$B$6 | S2: =Q2+R2 | T2: 30251000 | U2: 29006000 | V2: 31454000 | W2: =T2-S2 | X2: =W2/S2 | Y2: Дунд (17 зар) | Z2: гүйлт 98k +1.5%, G +1.1%, өнгө +7.1%
A3: 20287 | B3: Honda Tokyo | C3: Prius Alpha ZVW41W S Tune Black | D3: 2014 | E3: 140000 | F3: 1800 | G3: Хайбрид | H3: R | I3: хар | J3: 220000 | K3: 311000 | L3: =Тохиргоо!$B$7-D3 | M3: =K3+Тохиргоо!$B$4 | N3: =M3*Тохиргоо!$B$3 | O3: =Тохиргоо!$B$5 | P3: =IF(G3="Хайбрид",INDEX('Онцгой татвар'!$C$6:$F$10,MATCH(F3,'Онцгой татвар'!$B$6:$B$10,1),MATCH(L3,'Онцгой татвар'!$C$5:$F$5,1)),INDEX('Онцгой татвар'!$C$15:$F$19,MATCH(F3,'Онцгой татвар'!$B$15:$B$19,1),MATCH(L3,'Онцгой татвар'!$C$14:$F$14,1))) | Q3: =N3+O3+P3 | R3: =Q3*Тохиргоо!$B$6 | S3: =Q3+R3 | T3: 27823000 | U3: 26679000 | V3: 28930000 | W3: =T3-S3 | X3: =W3/S3 | Y3: Дунд (17 зар) | Z3: гүйлт 140k +0.3%, S Tune Black +0.8%
A4: 40063 | B4: Honda Sendai | C4: Prius Alpha ZVW41W S Tune Black | D4: 2013 | E4: 163000 | F4: 1800 | G4: Хайбрид | H4: 3.5 | I4: сувдан цагаан | J4: 285000 | K4: 365000 | L4: =Тохиргоо!$B$7-D4 | M4: =K4+Тохиргоо!$B$4 | N4: =M4*Тохиргоо!$B$3 | O4: =Тохиргоо!$B$5 | P4: =IF(G4="Хайбрид",INDEX('Онцгой татвар'!$C$6:$F$10,MATCH(F4,'Онцгой татвар'!$B$6:$B$10,1),MATCH(L4,'Онцгой татвар'!$C$5:$F$5,1)),INDEX('Онцгой татвар'!$C$15:$F$19,MATCH(F4,'Онцгой татвар'!$B$15:$B$19,1),MATCH(L4,'Онцгой татвар'!$C$14:$F$14,1))) | Q4: =N4+O4+P4 | R4: =Q4*Тохиргоо!$B$6 | S4: =Q4+R4 | T4: 26726000 | U4: 25627000 | V4: 27789000 | W4: =T4-S4 | X4: =W4/S4 | Y4: Найдвартай (40 зар) | Z4: гүйлт 163k -0.4%, S Tune Black +0.8%, өнгө +6.1%, оноо 3.5 -1.2%
A5: 7045 | B5: JU Tokyo | C5: Prius Alpha ZVW41W G Touring | D5: 2014 | E5: 119000 | F5: 1800 | G5: Хайбрид | H5: 3.5 | I5: хар | J5: 280000 | K5: 450000 | L5: =Тохиргоо!$B$7-D5 | M5: =K5+Тохиргоо!$B$4 | N5: =M5*Тохиргоо!$B$3 | O5: =Тохиргоо!$B$5 | P5: =IF(G5="Хайбрид",INDEX('Онцгой татвар'!$C$6:$F$10,MATCH(F5,'Онцгой татвар'!$B$6:$B$10,1),MATCH(L5,'Онцгой татвар'!$C$5:$F$5,1)),INDEX('Онцгой татвар'!$C$15:$F$19,MATCH(F5,'Онцгой татвар'!$B$15:$B$19,1),MATCH(L5,'Онцгой татвар'!$C$14:$F$14,1))) | Q5: =N5+O5+P5 | R5: =Q5*Тохиргоо!$B$6 | S5: =Q5+R5 | T5: 28311000 | U5: 27147000 | V5: 29437000 | W5: =T5-S5 | X5: =W5/S5 | Y5: Дунд (17 зар) | Z5: гүйлт 119k +0.9%, G Touring +3.2%, оноо 3.5 -1.2%
A6: 55070 | B6: Honda Nagoya | C6: Prius Alpha ZVW41W S | D6: 2012 | E6: 100000 | F6: 1800 | G6: Хайбрид | H6: 4 | I6: сувдан цагаан | J6: 301000 | K6: 443000 | L6: =Тохиргоо!$B$7-D6 | M6: =K6+Тохиргоо!$B$4 | N6: =M6*Тохиргоо!$B$3 | O6: =Тохиргоо!$B$5 | P6: =IF(G6="Хайбрид",INDEX('Онцгой татвар'!$C$6:$F$10,MATCH(F6,'Онцгой татвар'!$B$6:$B$10,1),MATCH(L6,'Онцгой татвар'!$C$5:$F$5,1)),INDEX('Онцгой татвар'!$C$15:$F$19,MATCH(F6,'Онцгой татвар'!$B$15:$B$19,1),MATCH(L6,'Онцгой татвар'!$C$14:$F$14,1))) | Q6: =N6+O6+P6 | R6: =Q6*Тохиргоо!$B$6 | S6: =Q6+R6 | T6: 26516000 | U6: 25425000 | V6: 27570000 | W6: =T6-S6 | X6: =W6/S6 | Y6: Найдвартай (47 зар) | Z6: гүйлт 100k +1.1%, өнгө +6.1%, оноо 4 +0.8%
A7: 20017 | B7: Honda Tokyo | C7: Prius Alpha ZVW41W S Touring | D7: 2012 | E7: 177000 | F7: 1800 | G7: Хайбрид | H7: 3.5 | I7: цагаан | J7: 290000 | K7: 410000 | L7: =Тохиргоо!$B$7-D7 | M7: =K7+Тохиргоо!$B$4 | N7: =M7*Тохиргоо!$B$3 | O7: =Тохиргоо!$B$5 | P7: =IF(G7="Хайбрид",INDEX('Онцгой татвар'!$C$6:$F$10,MATCH(F7,'Онцгой татвар'!$B$6:$B$10,1),MATCH(L7,'Онцгой татвар'!$C$5:$F$5,1)),INDEX('Онцгой татвар'!$C$15:$F$19,MATCH(F7,'Онцгой татвар'!$B$15:$B$19,1),MATCH(L7,'Онцгой татвар'!$C$14:$F$14,1))) | Q7: =N7+O7+P7 | R7: =Q7*Тохиргоо!$B$6 | S7: =Q7+R7 | T7: 25937000 | U7: 24870000 | V7: 26968000 | W7: =T7-S7 | X7: =W7/S7 | Y7: Найдвартай (47 зар) | Z7: гүйлт 177k -0.7%, S Touring +4.0%, өнгө +3.8%, оноо 3.5 -1.2%
A8: 70032 | B8: Honda Kansai | C8: Prius Alpha ZVW41W G | D8: 2013 | E8: 107000 | F8: 1800 | G8: Хайбрид | H8: 3 | I8: мөнгөлөг | J8: 280000 | K8: 331000 | L8: =Тохиргоо!$B$7-D8 | M8: =K8+Тохиргоо!$B$4 | N8: =M8*Тохиргоо!$B$3 | O8: =Тохиргоо!$B$5 | P8: =IF(G8="Хайбрид",INDEX('Онцгой татвар'!$C$6:$F$10,MATCH(F8,'Онцгой татвар'!$B$6:$B$10,1),MATCH(L8,'Онцгой татвар'!$C$5:$F$5,1)),INDEX('Онцгой татвар'!$C$15:$F$19,MATCH(F8,'Онцгой татвар'!$B$15:$B$19,1),MATCH(L8,'Онцгой татвар'!$C$14:$F$14,1))) | Q8: =N8+O8+P8 | R8: =Q8*Тохиргоо!$B$6 | S8: =Q8+R8 | T8: 26903000 | U8: 25796000 | V8: 27973000 | W8: =T8-S8 | X8: =W8/S8 | Y8: Найдвартай (40 зар) | Z8: гүйлт 107k +1.1%, G +1.1%, өнгө +7.1%, оноо 3 -3.3%
A9: 60009 | B9: Honda Kyushu | C9: Prius Alpha ZVW41W S Tune Black | D9: 2013 | E9: 152000 | F9: 1800 | G9: Хайбрид | H9: 3.5 | I9: сувдан цагаан | J9: 285000 | K9: 442000 | L9: =Тохиргоо!$B$7-D9 | M9: =K9+Тохиргоо!$B$4 | N9: =M9*Тохиргоо!$B$3 | O9: =Тохиргоо!$B$5 | P9: =IF(G9="Хайбрид",INDEX('Онцгой татвар'!$C$6:$F$10,MATCH(F9,'Онцгой татвар'!$B$6:$B$10,1),MATCH(L9,'Онцгой татвар'!$C$5:$F$5,1)),INDEX('Онцгой татвар'!$C$15:$F$19,MATCH(F9,'Онцгой татвар'!$B$15:$B$19,1),MATCH(L9,'Онцгой татвар'!$C$14:$F$14,1))) | Q9: =N9+O9+P9 | R9: =Q9*Тохиргоо!$B$6 | S9: =Q9+R9 | T9: 26812000 | U9: 25709000 | V9: 27879000 | W9: =T9-S9 | X9: =W9/S9 | Y9: Найдвартай (40 зар) | Z9: гүйлт 152k -0.1%, S Tune Black +0.8%, өнгө +6.1%, оноо 3.5 -1.2%

Sheet Тохиргоо
A1: Тооцооны тохиргоо (цэнхэр нүдийг өөрчилж болно)
A3: Иен → төгрөг ханш (Голомт, бэлэн бус зарах, 2026-10-05) | B3: 23.41
A4: Машин бүрт нэмэх дүн, ¥ | B4: 100000
A5: Ачилт тээвэр (Монгол хүртэл), ₮ | B5: 2768000
A6: НӨАТ | B6: 0.155
A7: Насыг тооцох он | B7: 2026
A10: Томьёо: [(үнэ ¥ + 100,000¥) × ханш + ачилт + онцгой татвар] × (1 + НӨАТ)
A11: Онцгой татварыг 'Онцгой татвар' sheet-ийн хайбрид хүснэгтээс нас (тооцох он − үйлдвэрлэсэн он), хөдөлгүүрийн багтаамжаар автоматаар авна.

Sheet Онцгой татвар
A1: Суудлын автомашины импортын онцгой татвар (шинэ хувь хэмжээ), ₮
A3: 1. Хайбрид ба газ
A4: Хөдөлгүүр (cc) | B4: Доод хязгаар | C4: 0-3 жил | D4: 4-6 жил | E4: 7-9 жил | F4: 10-с дээш
B5: нас ≥ | C5: 0 | D5: 4 | E5: 7 | F5: 10
A6: 1-1500 | B6: 1 | C6: 375000 | D6: 800000 | E6: 1675000 | F6: 5000000
A7: 1501-2500 | B7: 1501 | C7: 1150000 | D7: 1600000 | E7: 2500000 | F7: 5850000
A8: 2501-3500 | B8: 2501 | C8: 1525000 | D8: 2000000 | E8: 3350000 | F8: 6675000
A9: 3501-4500 | B9: 3501 | C9: 3425375 | D9: 4000000 | E9: 5425000 | F9: 8750000
A10: 4501-с дээш | B10: 4501 | C10: 7105000 | D10: 13600000 | E10: 19575000 | F10: 32987500
A12: 2. Энгийн бензин, дизель
A13: Хөдөлгүүр (cc) | B13: Доод хязгаар | C13: 0-3 жил | D13: 4-6 жил | E13: 7-9 жил | F13: 10-с дээш
B14: нас ≥ | C14: 0 | D14: 4 | E14: 7 | F14: 10
A15: 1-1500 | B15: 1 | C15: 750000 | D15: 1600000 | E15: 3350000 | F15: 10000000
A16: 1501-2500 | B16: 1501 | C16: 2300000 | D16: 3200000 | E16: 5000000 | F16: 11700000
A17: 2501-3500 | B17: 2501 | C17: 3050000 | D17: 4000000 | E17: 6700000 | F17: 13350000
A18: 3501-4500 | B18: 3501 | C18: 6850750 | D18: 8000000 | E18: 10850000 | F18: 17500000
A19: 4501-с дээш | B19: 4501 | C19: 14210000 | D19: 27200000 | E19: 39150000 | F19: 65975000
A21: Эх сурвалж: 'Суудлын автомашины импортын онцгой татварт оруулахаар өргөн барьсан өөрчлөлтийн хувь хэмжээ' хүснэгтийн 'Шинэ төсөл' багана.

Sheet Загварын тайлбар
A1: Монголд зарагдах үнийг хэрхэн тооцсон бэ
A3: Загвар: car-valuation үнэлгээний систем v6 (models/model_2026-10-04_v6_2026fresh.json, unelgee.html-тэй ижил томьёо).
A4: Өгөгдөл: unegui.mn-ийн 2026 онд орж ирсэн, дугаар аваагүй 539 Toyota зар (2026-10-01, 10-04-ний татлага).
A5: Дундаж алдаа 5.1% (Prius α 4.6%, Prius 50 4.4%, Camry 9.2%). Зарын 76% нь ±10%-д багтдаг.
A6: Үнэ нь зарын үнэ (асуусан үнэ). Бодит зарагдах үнэ ихэвчлэн арай бага байдаг.
A8: Тооцсон шинж: загвар (Prius 40 = 7 суудал, 41, 50, 51, Camry), он, гүйлт (нийт ба жилд явсан км), комплектац, өнгө, Японы аукционы оноо.
A9: Аукционы оноо R/RA (засвартай) бол загварт оноо оруулаагүй. Ийм машин Монголд илүү хямд зарагдах магадлалтай.
A10: Мөнгөлөг өнгө загварт тусдаа байхгүй тул 'бусад өнгө' гэж тооцсон.
A11: Camry-г 2.5 хайбрид гэж тооцсон.
A13: Доод/Дээд = зарын 50% нь энэ хооронд байна. Ашиг = загварын үнэ − Монголд буух үнэ (татвар, ачилт, НӨАТ орсон).
A14: Худалдааны зардал, зуучлал, бүртгэл, засварын зардлыг оруулаагүй.
